Provincia;Delitos de mayor incidencia;ene-14;feb-14;mar-14;abr-14;may-14;jun-14;jul-14;ago-14;sep-14;oct-14;nov-14;dic-14;ene-15;feb-15;mar-15;abr-15;may-15;jun-15;jul-15;ago-15;sep-15;oct-15;nov-15;dic-15;ene-16;feb-16;mar-16;abr-16;may-16;jun-16;jul-16;ago-16;sep-16;oct-16;nov-16;dic-16;ene-17;feb-17;mar-17;abr-17;may-17;jun-17;jul-17;ago-17;sep-17;oct-17;nov-17;dic-17;ene-18;feb-18;mar-18;abr-18;may-18;jun-18;jul-18;ago-18;sep-18;oct-18;nov-18;dic-18;ene-19;feb-19;mar-19;abr-19;may-19;jun-19;jul-19;ago-19;sep-19;oct-19;nov-19;dic-19;ene-20;feb-20;mar-20;abr-20;may-20;jun-20;jul-20;ago-20;sep-20;oct-20;nov-20;dic-20;ene-21;feb-21;mar-21;abr-21;may-21;jun-21;jul-21;ago-21;sep-21;oct-21;nov-21;dic-21;ene-22;feb-22;mar-22;abr-22;may-22
Azuay;Robo a personas;85;69;81;67;92;73;85;76;70;91;83;96;102;81;78;100;72;104;73;73;76;80;70;73;76;64;67;56;61;53;62;58;48;55;67;61;76;59;78;58;70;65;48;55;51;53;66;60;60;59;69;65;74;86;63;73;85;82;86;85;74;87;91;80;80;76;73;62;90;86;101;98;95;96;35;3;18;33;31;24;40;42;58;47;41;42;62;29;50;53;44;39;53;61;74;74;46;60;60;60;69
Azuay;Robo de bienes, accesorios y autopartes de vehiculos;112;119;143;172;168;140;126;104;136;170;171;134;192;144;158;161;112;95;116;91;117;106;111;113;106;96;89;87;71;74;74;49;56;66;63;70;65;53;65;44;57;60;80;71;74;75;67;69;81;64;63;50;44;63;53;57;53;71;87;78;89;75;88;57;58;74;52;63;77;89;63;61;78;54;19;8;34;58;52;56;46;68;51;53;54;49;44;48;48;43;64;64;40;48;57;29;24;43;30;41;44
Azuay;Robo de motos;16;21;21;21;13;8;8;6;13;13;5;16;15;15;14;16;17;10;13;14;14;18;12;11;17;19;9;11;12;5;12;6;6;9;12;9;10;20;11;10;9;10;10;15;16;14;14;22;21;14;13;23;12;14;13;14;13;10;13;14;15;8;12;18;22;3;6;11;9;13;14;17;15;13;8;2;6;17;12;18;10;17;16;18;13;14;20;11;9;24;20;15;17;7;23;31;18;19;22;20;10
Azuay;Robo de carros;18;18;16;12;24;30;33;22;17;13;29;16;15;8;15;9;14;11;8;9;7;12;10;18;10;10;7;12;7;11;9;4;11;16;16;10;10;7;14;9;8;5;10;6;3;16;9;3;9;7;11;9;5;13;8;5;3;8;6;10;11;9;10;6;11;7;7;11;13;14;9;9;4;9;5;1;4;4;9;3;4;8;4;4;6;5;8;5;7;7;3;3;9;7;1;6;6;16;5;10;8
Azuay;Robo a domicilio;109;79;72;84;66;73;86;68;76;57;88;80;60;80;69;73;77;80;83;100;91;73;77;66;69;90;116;77;52;51;49;66;58;56;69;56;65;60;67;68;71;70;67;67;60;79;69;71;71;62;47;60;49;63;57;56;66;50;47;48;45;45;53;43;45;35;27;48;54;43;61;46;49;39;19;3;18;19;25;16;40;47;32;55;50;33;38;43;40;29;40;43;41;57;57;46;44;26;34;36;57
Azuay;Robo a unidades economicas;23;20;29;39;35;23;11;28;32;28;21;26;35;21;29;27;28;28;29;25;30;17;24;18;25;25;34;25;17;16;26;18;17;27;19;23;23;17;19;24;29;26;28;16;22;16;20;23;19;21;26;35;22;20;22;25;26;18;19;30;23;30;24;18;33;34;24;28;22;20;20;26;36;17;8;0;8;13;16;16;14;10;13;9;14;10;17;16;19;21;23;25;9;13;10;24;19;12;9;22;26
Azuay;Violaciones;35;26;22;22;22;16;28;22;29;27;27;28;33;19;30;35;35;24;21;27;17;24;18;25;25;19;28;26;29;23;15;19;18;19;30;19;25;15;31;24;27;33;24;31;26;24;27;26;28;22;22;31;46;41;26;25;30;24;36;41;36;26;39;29;35;32;22;22;27;30;22;22;30;24;8;7;15;17;17;14;20;32;27;33;27;29;21;29;17;30;18;22;27;25;23;35;11;25;28;37;14
Bolivar;Robo a personas;1;1;12;4;2;5;3;3;0;4;7;5;4;12;8;5;9;3;4;4;9;7;7;1;7;3;3;4;10;5;7;2;7;8;4;5;5;6;6;4;3;9;7;5;4;7;2;6;8;8;2;3;6;6;6;5;6;8;7;8;2;14;18;7;9;5;6;7;9;9;6;4;3;12;2;3;0;2;2;2;1;6;5;2;3;3;2;5;1;3;6;4;1;3;7;1;1;2;1;4;5
Bolivar;Robo de bienes, accesorios y autopartes de vehiculos;7;2;1;1;2;0;0;3;5;1;4;0;1;3;0;0;1;0;3;0;2;2;4;1;0;5;1;5;4;2;7;1;7;3;2;2;1;5;0;1;0;3;2;0;0;0;0;0;1;5;5;2;3;4;1;0;3;3;1;2;0;6;2;2;1;1;0;0;4;0;3;1;3;6;2;0;1;0;0;1;1;0;1;1;1;3;0;1;0;1;1;1;3;0;1;2;1;1;3;2;0
Bolivar;Robo de motos;4;2;4;0;1;0;1;3;2;1;2;1;1;3;2;2;3;3;2;3;1;1;2;3;3;2;2;2;1;1;3;2;2;5;0;1;1;2;2;0;1;2;6;3;0;3;1;4;4;1;2;1;1;2;1;1;2;4;4;4;0;1;3;1;3;1;2;3;1;0;1;2;0;2;2;0;1;5;0;2;1;4;3;0;3;0;1;1;2;4;5;3;4;3;5;4;3;8;6;2;8
Bolivar;Robo de carros;3;3;3;0;0;2;1;2;1;2;4;2;0;4;0;0;1;1;1;1;1;1;2;3;1;5;0;1;1;3;0;1;0;0;1;1;1;5;1;4;2;1;1;1;0;0;1;1;1;3;2;0;1;0;0;1;2;1;1;1;0;0;4;2;2;0;0;3;0;0;0;1;2;3;1;0;1;0;1;2;1;4;2;0;1;3;1;0;3;0;2;1;2;2;2;0;1;1;1;1;1
Bolivar;Robo a domicilio;10;8;5;7;6;7;7;7;7;5;2;8;12;6;8;4;7;10;7;16;8;10;8;12;10;6;6;8;6;3;16;12;7;12;14;14;9;7;8;4;8;7;8;4;9;3;3;6;3;5;5;4;2;4;7;3;6;5;3;9;6;5;3;6;8;4;4;0;9;7;9;10;6;5;4;1;3;2;6;4;7;2;3;5;1;3;2;2;5;4;2;3;1;2;3;6;3;6;4;4;3
Bolivar;Robo a unidades economicas;4;1;4;1;1;1;3;1;3;3;1;3;0;2;3;1;3;1;3;1;7;3;1;7;4;4;3;0;1;3;2;1;1;2;2;0;1;1;9;0;2;2;1;1;1;1;3;2;4;2;6;1;1;0;3;0;2;0;5;4;3;0;1;1;4;1;1;3;4;3;1;1;3;1;2;2;1;1;1;2;0;0;0;0;0;1;3;2;1;1;4;1;3;1;2;4;1;1;1;2;1
Bolivar;Violaciones;6;7;5;3;7;4;3;1;6;2;6;3;8;4;3;3;5;7;4;2;2;5;6;5;6;4;5;2;5;1;6;1;6;4;4;6;2;5;6;5;4;8;7;5;4;10;11;7;5;7;12;7;3;5;1;3;6;5;2;3;4;9;8;2;3;10;9;7;9;3;6;3;7;10;6;3;6;10;5;5;10;9;8;6;5;14;14;9;5;5;8;7;11;7;11;4;9;3;7;7;8
Caña;Robo a personas;9;17;17;16;16;11;9;12;19;20;22;19;18;17;20;17;11;13;13;13;17;14;13;19;16;18;18;15;22;27;20;29;25;16;17;14;12;5;14;20;12;11;17;8;15;10;14;14;19;17;17;13;12;8;15;22;13;15;20;16;22;21;20;28;15;15;16;13;16;17;24;11;18;22;11;0;3;8;10;10;17;8;19;27;21;11;12;13;22;28;23;13;23;22;26;15;23;20;26;32;32
Caña;Robo de bienes, accesorios y autopartes de vehiculos;10;17;15;15;14;23;8;4;9;15;8;13;10;9;10;10;9;12;11;15;10;15;3;11;11;10;19;8;8;10;8;12;9;4;6;5;8;2;7;7;4;12;12;14;8;7;9;4;9;7;6;5;3;5;5;12;7;8;8;12;12;9;9;14;10;11;8;10;7;5;11;9;10;9;5;0;3;7;8;5;3;7;10;10;7;5;10;4;10;2;3;8;5;5;8;3;3;5;2;6;13
Caña;Robo de motos;3;6;5;4;3;5;5;4;2;3;2;4;5;8;7;6;8;1;3;5;2;1;2;0;2;2;2;3;2;6;3;6;0;5;2;1;4;2;2;2;4;2;2;3;5;2;7;6;2;2;4;3;2;3;3;10;3;6;2;5;8;7;5;11;6;3;3;5;6;6;5;5;4;8;4;4;2;3;3;2;3;4;5;4;1;6;3;3;10;7;4;5;5;6;13;8;3;5;8;7;9
Caña;Robo de carros;2;5;1;2;9;10;1;0;5;5;2;4;3;3;2;2;2;3;0;4;3;1;0;1;1;1;0;0;3;4;0;1;3;4;3;1;2;2;2;3;1;3;1;2;4;1;2;2;2;2;2;1;2;1;0;0;3;2;1;3;1;3;1;4;2;2;2;2;1;5;1;2;1;3;2;0;0;0;2;4;1;2;0;3;3;4;1;3;3;3;2;2;2;1;4;6;4;5;3;2;2
Caña;Robo a domicilio;21;13;17;20;12;24;17;23;21;16;22;19;28;29;24;18;22;14;21;15;18;24;14;11;15;14;24;17;19;11;37;19;20;13;12;10;17;11;7;13;22;27;18;19;23;20;16;18;24;15;24;19;19;21;15;12;24;25;17;23;22;18;17;23;18;24;16;16;14;13;23;12;14;14;10;0;3;11;16;13;19;16;19;10;7;8;8;11;13;11;11;12;4;16;16;19;15;24;15;17;22
Caña;Robo a unidades economicas;3;8;9;9;9;4;5;8;10;5;6;4;5;2;8;5;8;2;9;0;2;7;6;5;5;6;6;6;8;2;6;5;1;0;4;4;3;2;3;1;13;12;7;13;7;8;6;4;7;6;4;5;2;4;8;4;4;2;4;6;4;5;5;6;3;6;3;1;4;3;2;3;7;3;4;0;0;1;4;1;2;4;3;3;5;6;3;1;3;5;8;6;6;6;9;8;4;9;14;10;4
Caña;Violaciones;6;5;3;8;3;7;12;6;7;13;7;7;5;2;3;5;8;8;10;4;6;9;10;4;7;3;4;4;13;8;10;6;11;4;12;3;7;4;5;5;13;6;13;10;11;13;12;7;8;4;8;9;10;11;9;7;9;13;7;4;5;6;9;8;5;10;5;6;9;11;10;8;7;6;3;3;4;9;5;7;7;13;5;9;12;9;4;6;8;4;10;6;14;24;12;7;3;11;8;6;6
Carchi;Robo a personas;7;14;7;5;9;5;7;5;8;5;6;4;9;8;5;9;9;4;9;8;4;10;4;4;6;8;10;3;7;4;6;5;8;3;8;7;4;6;6;4;2;5;7;5;3;8;6;5;1;2;4;6;4;4;2;1;6;6;7;6;5;11;6;1;7;7;5;6;7;8;4;10;9;4;4;1;2;4;2;6;3;11;6;7;5;5;10;2;4;7;9;10;6;14;7;8;1;3;8;6;6
Carchi;Robo de bienes, accesorios y autopartes de vehiculos;3;3;5;2;9;7;4;7;4;3;8;2;11;4;5;4;4;2;5;3;4;9;6;3;3;3;2;2;5;3;4;1;2;2;1;1;3;1;2;1;2;7;4;5;1;3;5;1;1;2;7;4;4;0;3;2;1;4;2;3;3;3;2;1;1;1;2;1;2;3;2;2;2;2;1;0;1;2;1;0;1;1;1;1;0;1;3;1;1;3;0;0;0;0;3;3;1;0;1;2;3
Carchi;Robo de motos;4;2;3;2;2;5;1;0;1;2;0;1;1;1;0;1;2;1;0;1;0;1;3;0;2;1;3;0;0;0;1;1;1;0;0;0;0;0;0;0;2;2;0;2;1;0;0;2;1;1;0;1;0;0;0;0;0;0;1;2;1;0;3;0;0;0;0;1;0;0;0;0;0;0;0;1;0;0;1;0;2;1;0;0;0;1;0;2;0;0;0;1;0;0;0;2;0;0;3;2;3
Carchi;Robo de carros;4;7;2;4;3;4;5;5;4;2;3;5;1;4;2;4;3;2;3;1;2;2;1;1;1;2;1;1;2;1;0;0;1;3;0;1;2;3;3;3;1;1;1;1;1;0;2;1;2;0;1;2;2;0;3;1;1;1;0;1;0;0;0;2;2;0;2;6;2;0;5;2;2;2;1;0;0;0;0;0;0;2;2;1;2;3;2;1;1;4;3;3;4;5;4;7;7;6;12;2;3
Carchi;Robo a domicilio;13;8;7;11;17;12;11;12;15;12;13;3;16;12;9;13;7;2;3;8;6;8;7;7;4;1;16;7;8;6;9;5;6;7;7;12;13;10;3;1;1;8;4;3;3;2;5;6;1;6;0;5;3;5;2;0;8;11;5;4;2;3;4;4;1;3;7;7;3;7;6;3;3;0;1;2;6;0;1;2;2;2;2;0;2;4;3;2;1;3;1;1;5;1;4;9;1;8;3;5;8
Carchi;Robo a unidades economicas;2;3;3;6;6;2;3;4;5;9;3;3;4;4;2;2;5;2;6;4;4;4;1;2;6;3;2;5;4;0;1;5;3;1;2;3;0;0;3;0;3;4;0;1;1;3;1;5;1;2;3;0;2;1;2;3;2;1;0;1;3;2;2;2;0;3;1;4;4;1;0;4;4;1;0;2;0;2;0;3;1;1;2;2;3;5;4;3;3;2;3;2;2;1;3;3;4;1;3;3;2
Carchi;Violaciones;4;7;2;2;3;4;5;3;3;2;2;2;0;1;4;1;3;2;6;4;6;3;6;4;7;3;3;8;6;2;3;2;4;2;4;2;4;4;5;3;1;0;6;7;2;4;3;4;2;1;4;1;4;3;3;1;1;3;1;7;1;1;3;4;6;6;1;5;4;1;2;3;5;3;3;2;0;4;3;10;2;4;4;5;6;2;4;4;3;2;9;2;3;5;0;6;4;7;6;2;4
Cotopaxi;Robo a personas;28;26;37;33;22;33;27;30;26;23;19;22;25;20;22;33;24;23;19;22;28;26;16;26;17;13;24;17;21;26;25;20;30;20;26;25;19;21;28;21;30;33;24;17;32;36;31;32;30;16;21;20;20;24;12;25;25;21;23;31;22;15;21;29;19;33;41;26;24;32;28;28;34;54;9;1;4;5;8;13;12;18;20;12;20;15;14;15;13;22;20;12;29;16;15;35;19;20;24;28;19
Cotopaxi;Robo de bienes, accesorios y autopartes de vehiculos;32;24;25;30;28;26;19;20;25;32;29;22;18;21;17;13;24;18;21;17;22;28;37;28;24;14;19;13;18;14;22;19;24;20;15;13;21;18;20;12;14;15;21;16;21;16;19;12;29;13;16;14;11;6;11;16;11;14;17;14;23;24;16;21;13;11;14;15;21;14;11;20;22;13;10;0;5;6;7;12;13;9;10;9;12;4;13;7;5;10;9;7;8;5;7;8;7;5;9;15;17
Cotopaxi;Robo de motos;10;4;5;2;15;6;10;7;6;3;6;5;4;3;4;1;4;4;8;4;12;3;2;2;4;6;5;1;3;1;3;2;2;1;1;0;2;5;4;2;1;4;2;0;5;3;2;4;6;2;12;6;3;3;2;4;5;2;8;9;4;2;3;3;1;8;3;1;0;9;7;6;5;2;8;1;0;3;6;2;5;7;2;4;5;9;2;4;5;2;5;1;4;0;2;16;5;3;6;7;4
Cotopaxi;Robo de carros;4;4;1;7;11;10;6;6;4;4;9;13;6;2;8;7;9;9;2;9;4;4;8;4;4;8;4;7;3;6;6;6;7;10;8;13;7;10;1;6;6;6;5;8;5;5;4;9;4;4;5;5;3;7;4;8;9;9;6;10;8;6;6;5;8;6;7;5;6;6;4;6;13;8;5;0;0;2;5;4;9;9;11;2;3;3;7;11;4;3;3;8;2;4;1;12;0;3;2;9;10
Cotopaxi;Robo a domicilio;41;32;40;31;34;32;46;46;41;32;38;42;21;31;43;31;32;39;36;19;34;35;39;39;31;43;26;15;33;24;20;26;25;31;36;25;32;21;27;18;25;27;24;21;32;27;20;19;23;9;18;20;19;15;17;15;13;13;20;8;21;15;20;16;17;11;17;13;13;17;24;15;12;15;7;3;0;5;4;4;12;21;17;7;14;9;15;6;9;14;14;13;9;7;7;9;11;12;6;9;10
Cotopaxi;Robo a unidades economicas;15;15;18;24;17;12;9;7;20;13;16;13;24;12;11;8;10;6;8;11;5;14;9;15;9;10;14;8;10;13;18;9;8;7;4;9;7;9;16;8;5;9;6;10;8;7;4;7;10;9;9;11;6;6;9;8;10;10;4;3;8;9;13;12;8;7;7;9;13;18;10;8;12;11;7;3;0;3;5;6;8;2;4;6;10;8;4;3;0;5;7;6;6;4;4;13;6;8;7;6;8
Cotopaxi;Violaciones;17;7;14;12;7;11;11;9;5;7;10;13;15;9;10;11;3;10;10;7;3;13;10;6;11;8;5;6;5;10;9;7;6;5;8;12;6;12;10;6;11;8;10;11;7;13;16;9;6;5;9;11;6;9;6;11;15;16;7;15;7;16;16;12;11;20;14;12;9;11;5;12;11;9;4;4;6;7;12;10;11;18;9;10;5;11;8;9;10;11;15;8;11;11;11;16;9;6;5;4;10
Chimborazo;Robo a personas;33;29;29;32;30;39;47;27;43;37;38;34;30;36;36;23;37;32;22;25;30;36;32;33;37;30;33;39;41;25;28;27;30;37;25;36;35;26;29;34;41;50;37;26;39;50;41;31;36;42;43;40;27;30;39;40;41;38;37;43;49;48;70;52;44;51;66;50;38;46;65;43;55;65;27;3;15;17;27;20;31;36;44;34;25;18;40;29;42;48;39;56;48;33;39;45;39;50;43;65;42
Chimborazo;Robo de bienes, accesorios y autopartes de vehiculos;46;46;53;36;35;31;52;46;41;46;41;24;42;46;35;37;24;33;27;24;24;30;26;30;23;27;25;25;19;24;26;28;23;35;28;35;45;22;33;26;31;13;26;23;27;30;17;25;26;17;31;31;20;27;33;28;32;22;27;24;43;31;22;17;26;27;28;26;18;17;22;24;34;13;15;4;6;13;6;3;15;24;25;18;17;13;19;14;28;24;28;20;22;25;18;15;22;31;16;25;14
Chimborazo;Robo de motos;1;1;5;2;3;2;1;3;3;1;3;2;2;1;1;2;2;5;1;2;0;2;4;1;3;7;1;0;4;1;1;2;4;2;1;1;0;3;2;1;1;3;0;1;3;2;4;3;2;0;2;5;0;2;3;2;2;4;3;2;4;0;4;8;5;1;4;1;3;1;10;1;7;2;3;3;4;4;4;3;3;4;9;4;9;12;4;10;13;10;3;5;6;6;4;2;9;2;6;7;9
Chimborazo;Robo de carros;5;3;8;8;12;15;9;6;6;7;12;5;6;6;13;8;3;5;5;6;6;12;6;9;8;8;7;12;13;11;6;12;11;13;5;16;14;7;9;18;11;5;12;6;1;2;3;8;9;7;6;4;5;9;8;12;15;5;6;8;7;5;5;9;3;8;2;2;8;10;9;10;7;1;3;0;2;4;2;5;12;3;4;8;12;9;6;6;8;7;0;5;5;7;8;4;9;8;5;9;15
Chimborazo;Robo a domicilio;49;30;31;34;32;42;37;45;60;62;40;53;43;34;52;57;48;39;61;45;41;38;68;54;63;58;47;44;36;48;41;36;40;34;44;40;38;25;36;46;53;35;36;40;31;24;36;35;26;31;34;23;28;29;19;16;17;24;17;18;22;13;26;36;27;23;26;23;20;17;22;28;19;20;7;3;5;2;7;14;10;24;28;21;15;15;23;16;21;20;26;33;29;26;15;19;17;22;12;23;18
Chimborazo;Robo a unidades economicas;20;15;20;17;15;15;18;12;16;10;7;14;13;16;13;6;17;7;9;11;16;25;24;17;16;14;12;9;9;7;11;8;15;14;12;1;13;11;12;8;20;7;8;15;9;4;14;4;9;7;6;2;5;4;8;17;11;6;15;9;12;16;5;5;10;1;9;8;11;9;13;6;11;6;5;5;1;4;5;2;5;2;9;12;14;9;11;15;10;11;11;7;10;15;7;15;8;8;8;10;4
Chimborazo;Violaciones;8;8;11;14;16;9;11;8;5;16;7;14;10;12;9;9;9;3;12;12;12;8;16;12;9;7;12;8;9;7;14;13;16;13;10;11;8;11;14;13;12;9;12;11;6;17;28;23;16;10;19;15;12;18;16;10;14;15;18;16;19;14;17;8;17;18;16;17;12;17;24;14;20;14;7;3;8;20;15;7;22;14;16;11;16;19;16;15;13;10;22;19;17;10;18;21;7;24;9;11;21
El Oro;Robo a personas;165;159;201;143;170;143;135;136;165;179;161;159;172;173;150;145;173;165;145;152;168;188;128;181;152;131;156;133;161;136;126;132;124;145;146;129;160;122;156;146;148;128;112;131;158;161;163;151;143;137;177;132;137;167;165;154;172;159;151;171;112;134;163;152;161;159;157;137;131;153;127;139;147;113;53;38;55;72;102;76;87;98;92;92;98;95;97;107;100;82;138;106;116;123;116;115;96;131;141;127;140
El Oro;Robo de bienes, accesorios y autopartes de vehiculos;23;16;19;20;11;22;11;18;15;23;24;16;21;32;20;19;24;24;25;15;22;16;22;17;14;18;16;13;14;18;15;20;21;24;18;27;21;16;18;20;8;13;21;16;16;17;21;12;7;14;11;8;10;9;14;19;20;27;22;8;14;8;18;6;19;17;19;8;18;12;17;13;12;4;10;2;4;3;7;4;8;4;16;6;2;2;6;4;4;7;10;7;4;6;8;8;12;5;13;7;11
El Oro;Robo de motos;48;54;53;44;68;45;31;36;33;42;42;56;52;39;47;52;42;38;46;38;74;65;50;38;49;36;41;37;49;37;38;33;29;33;44;40;32;37;41;46;57;72;45;32;47;44;32;29;48;32;43;25;40;35;34;30;28;38;34;51;34;38;43;25;38;45;47;43;34;61;61;64;64;46;46;26;23;46;45;55;37;57;55;34;53;46;46;34;35;27;36;44;65;59;71;80;75;56;71;84;93
El Oro;Robo de carros;9;9;11;5;13;11;6;11;9;5;3;3;6;4;2;10;5;16;11;8;7;12;12;9;5;13;7;5;10;16;10;11;8;9;5;10;12;8;7;9;11;8;9;14;9;6;7;8;10;9;16;8;7;11;11;11;13;24;20;11;16;17;15;11;9;26;28;20;10;8;10;9;12;15;13;5;3;7;10;9;10;21;12;5;11;7;17;9;5;9;10;18;17;20;12;24;25;23;16;21;30
El Oro;Robo a domicilio;106;67;92;66;66;44;70;67;57;63;54;67;97;83;71;60;72;90;68;71;80;84;81;88;63;63;75;68;65;42;57;62;50;56;77;51;51;45;53;61;71;76;74;60;76;67;63;59;52;45;60;46;51;45;61;54;59;55;57;57;50;41;64;73;50;47;57;60;61;47;69;39;44;29;16;10;22;22;39;43;31;35;32;36;44;34;34;21;29;33;29;34;29;42;39;15;23;31;41;31;37
El Oro;Robo a unidades economicas;36;33;28;39;26;30;39;21;33;20;22;33;33;21;43;38;23;42;42;43;31;37;38;31;25;31;34;29;26;18;36;34;32;29;37;21;25;23;44;29;25;33;37;38;24;51;37;26;31;23;39;32;29;33;30;30;39;29;32;36;32;27;42;27;32;28;29;23;30;22;35;32;26;29;21;17;21;20;21;21;15;13;23;15;17;14;18;14;14;17;17;17;18;17;21;26;32;30;16;26;36
El Oro;Violaciones;37;24;25;14;24;22;24;36;26;19;20;15;20;23;31;15;29;28;23;20;24;33;30;24;22;19;27;26;12;30;22;20;12;20;27;18;42;19;17;20;21;26;27;17;26;31;25;22;28;22;23;13;23;14;23;30;23;26;30;20;20;15;20;32;33;35;29;41;16;22;27;27;38;23;18;10;11;18;13;26;36;33;34;20;29;23;34;17;15;30;28;28;42;28;30;28;28;30;31;27;29
Esmeraldas;Robo a personas;62;77;113;83;61;61;46;55;50;49;58;50;68;85;92;81;92;87;85;88;87;96;85;91;79;100;83;84;84;73;68;105;80;76;103;79;78;83;99;81;84;88;2;104;75;74;57;53;50;54;70;70;62;64;66;62;63;61;67;56;77;66;56;62;54;55;61;76;76;75;93;86;94;96;54;19;45;52;57;65;58;74;64;45;48;73;86;60;55;76;71;61;64;56;67;100;84;74;88;110;87
Esmeraldas;Robo de bienes, accesorios y autopartes de vehiculos;15;10;11;7;6;6;5;6;10;8;13;7;6;8;15;11;12;8;9;12;10;12;7;10;10;16;9;6;4;6;7;8;7;16;8;6;7;8;10;8;2;6;1;8;2;4;13;8;11;6;6;6;7;8;6;6;4;6;6;9;8;4;10;9;1;5;10;8;4;4;6;4;3;7;0;3;0;3;3;3;4;7;3;7;7;7;8;5;10;2;5;2;4;4;1;4;8;9;7;1;2
Esmeraldas;Robo de motos;31;18;26;25;26;30;16;21;30;19;26;29;14;28;16;15;17;14;22;27;15;27;18;14;15;24;16;12;19;9;19;9;19;19;24;21;17;13;24;24;21;15;5;22;19;19;10;15;13;12;10;25;18;16;11;13;22;24;21;14;31;20;29;14;12;11;14;17;13;20;17;16;26;16;9;6;9;24;18;24;30;25;18;19;20;16;34;20;15;18;31;32;37;29;33;63;54;51;75;88;83
Esmeraldas;Robo de carros;7;8;10;6;5;7;8;10;5;6;4;7;5;4;5;5;4;4;5;7;6;8;5;4;10;3;4;3;2;5;3;2;3;7;11;8;11;2;2;3;1;2;0;3;7;3;7;5;2;9;5;1;4;3;7;3;2;3;6;3;4;3;4;3;6;0;3;3;7;2;1;3;5;5;2;0;1;3;4;6;11;2;6;4;0;3;3;4;1;3;5;3;5;4;2;5;6;4;8;13;9
Esmeraldas;Robo a domicilio;83;73;74;60;71;51;56;68;55;64;77;63;60;53;91;74;81;62;58;66;75;76;67;62;87;58;73;67;95;84;78;67;72;65;71;57;52;71;54;80;76;55;2;50;50;50;67;60;54;65;51;58;74;58;58;44;52;58;52;59;51;47;43;44;54;56;41;47;38;54;45;33;48;35;27;12;28;42;42;40;47;30;42;35;34;41;37;37;39;28;38;24;28;35;43;43;25;21;29;40;22
Esmeraldas;Robo a unidades economicas;24;18;20;15;12;8;15;15;6;18;18;12;16;16;20;20;15;22;18;17;28;20;18;18;15;22;10;14;22;15;18;9;10;12;11;23;15;20;12;9;13;9;1;8;9;13;15;11;6;11;18;14;12;17;12;11;8;12;14;5;15;18;13;9;16;7;8;8;20;18;14;9;13;11;5;7;5;8;9;12;5;9;8;10;7;9;8;10;6;6;4;7;9;14;14;18;17;17;20;13;11
Esmeraldas;Violaciones;19;19;19;7;24;17;16;27;21;15;12;19;21;18;15;15;11;16;25;17;18;16;14;14;17;18;11;15;20;17;10;20;11;16;10;19;14;11;14;8;13;14;21;22;17;15;27;12;14;14;13;12;14;23;24;17;27;27;12;25;21;20;19;15;32;19;19;12;22;11;19;19;31;11;17;11;25;13;13;30;14;12;9;20;12;22;13;20;19;15;25;27;23;24;15;12;18;12;19;10;9
Guayas;Robo a personas;1.006;926;1.009;875;988;957;973;946;841;967;866;1.008;1.113;1.054;1.202;1.133;1.135;1.164;1.166;1.078;999;1.070;1.017;1.035;1.012;1.049;1.035;894;1.065;1.084;1.098;1.031;1.006;878;914;1.091;979;924;1.137;985;1.137;882;921;904;896;881;814;821;809;739;867;833;927;904;898;904;841;879;935;923;955;905;963;959;989;985;991;1.049;1.043;1.076;985;1.053;1.177;936;452;107;260;534;733;682;734;757;706;800;773;787;812;747;731;857;896;897;900;841;835;1.108;894;920;1.076;983;1.034
Guayas;Robo de bienes, accesorios y autopartes de vehiculos;232;225;225;255;278;285;258;289;251;299;275;311;356;272;400;383;429;335;317;329;337;266;253;285;298;244;284;254;273;256;276;270;252;262;259;283;266;281;350;294;335;299;280;301;276;323;241;261;264;251;238;220;250;245;229;218;176;216;239;234;240;257;253;263;292;298;302;208;217;204;222;243;205;230;128;22;79;144;202;191;177;192;189;172;180;189;222;166;208;231;222;232;231;192;211;212;236;232;213;197;205
Guayas;Robo de motos;160;157;181;163;155;141;169;143;145;153;170;145;172;184;207;213;215;178;173;182;202;216;202;203;206;187;223;181;198;227;208;205;178;173;174;225;170;178;182;191;206;207;192;171;169;196;179;205;152;139;189;169;170;197;209;163;172;201;215;225;185;199;258;277;265;227;228;301;281;264;268;299;253;216;131;93;127;206;232;245;217;215;200;221;212;253;248;239;255;228;297;257;296;328;318;365;323;331;395;380;362
Guayas;Robo de carros;162;149;133;160;192;197;175;166;189;190;200;199;204;211;170;168;158;160;177;145;163;161;147;136;153;132;143;156;154;150;156;148;157;161;159;141;133;123;155;111;179;144;181;141;126;125;146;150;143;143;135;127;129;118;144;144;148;173;189;226;169;166;175;175;210;225;223;220;216;227;235;200;180;157;115;33;92;149;186;167;194;201;200;172;256;232;207;231;207;235;266;303;259;270;263;329;371;306;362;319;356
Guayas;Robo a domicilio;309;240;329;284;243;242;282;278;280;301;276;285;331;315;361;350;329;322;327;373;337;373;331;349;292;346;353;316;329;323;290;307;255;309;272;293;284;272;297;279;343;275;267;284;255;238;285;249;290;262;277;239;255;249;225;254;194;195;240;220;242;217;230;179;202;211;216;247;175;169;181;162;203;177;88;46;83;125;158;165;165;172;151;161;154;158;132;133;116;138;124;124;154;148;144;143;144;132;166;135;128
Guayas;Robo a unidades economicas;140;116;130;99;99;110;124;119;112;101;120;109;143;124;123;149;139;149;127;165;135;113;112;135;118;123;111;116;141;126;113;77;101;91;92;117;99;106;115;113;117;94;99;88;100;100;77;78;82;71;102;114;94;83;117;87;65;75;105;88;92;93;105;84;89;99;96;87;108;184;113;112;91;76;64;74;51;66;87;70;67;76;93;102;90;84;74;89;79;60;73;78;63;77;85;124;85;85;98;71;64
Guayas;Violaciones;120;97;89;91;98;96;82;95;80;92;79;78;97;79;72;74;65;84;69;91;80;90;76;110;83;74;68;66;75;82;66;79;73;65;65;71;78;50;66;69;69;60;73;84;82;87;88;72;84;72;77;54;77;83;99;97;94;79;97;89;74;60;75;80;94;88;96;80;93;75;85;82;71;66;43;24;61;81;78;92;63;92;67;89;74;72;80;61;69;83;79;87;102;92;93;77;59;79;92;87;63
Imbabura;Robo a personas;40;28;35;30;22;16;22;34;17;22;39;32;32;22;31;31;32;25;34;32;34;35;36;31;27;33;20;38;34;36;22;23;39;32;19;38;22;29;35;33;30;28;33;32;46;33;32;36;30;24;30;30;38;35;38;32;46;41;49;50;43;26;43;32;38;38;57;50;52;59;79;46;42;44;22;5;10;14;21;27;26;19;31;36;27;31;32;30;35;41;34;48;39;53;27;52;49;24;57;60;28
Imbabura;Robo de bienes, accesorios y autopartes de vehiculos;34;38;45;37;37;34;23;26;37;35;24;30;33;23;21;30;19;16;12;23;21;18;21;16;12;10;9;7;9;10;9;4;11;13;6;7;7;15;8;12;9;8;10;10;14;14;5;16;7;9;9;6;9;14;21;14;14;16;8;19;8;15;17;19;16;21;15;11;12;8;7;8;7;12;14;2;2;8;7;5;9;11;11;25;10;10;17;11;10;7;13;12;18;12;8;13;8;7;8;16;17
Imbabura;Robo de motos;15;9;11;7;3;2;5;1;1;1;4;2;1;1;0;5;4;3;5;7;12;7;4;8;1;8;3;1;3;5;2;3;3;2;1;3;1;7;1;6;2;0;1;5;2;2;4;2;1;5;4;4;6;7;9;6;7;5;4;10;8;3;5;2;3;1;1;6;6;6;6;10;3;4;6;1;3;6;1;2;2;2;2;6;2;2;6;2;8;6;7;7;3;10;6;4;7;7;10;11;10
Imbabura;Robo de carros;7;6;4;3;1;2;4;2;5;1;1;2;2;0;5;2;5;5;3;2;3;3;1;7;2;3;1;4;3;3;2;3;2;0;0;3;5;3;1;0;4;1;2;3;1;0;1;5;5;1;2;2;3;0;1;5;0;3;3;1;2;1;4;0;2;1;0;2;4;2;2;2;1;5;2;0;1;4;2;2;2;2;0;1;0;3;1;3;3;5;7;5;5;1;4;2;3;1;1;2;3
Imbabura;Robo a domicilio;37;30;43;28;28;30;18;29;37;26;51;50;34;28;49;29;56;41;42;45;35;47;29;50;34;31;38;31;31;20;29;21;29;27;21;40;23;23;13;19;34;29;35;27;48;24;34;27;14;18;26;19;23;29;19;22;12;24;16;24;21;9;18;9;20;24;22;19;29;16;40;25;23;33;15;6;9;10;13;8;6;11;24;20;18;16;12;18;19;20;22;22;21;19;20;25;13;19;12;25;9
Imbabura;Robo a unidades economicas;20;12;16;10;8;4;13;19;16;12;16;14;15;11;17;11;21;11;28;17;18;13;11;11;14;7;14;13;16;15;9;10;5;4;8;5;5;3;4;13;22;10;7;14;16;19;9;13;13;18;8;7;11;15;8;10;11;12;11;7;20;7;6;11;7;9;10;8;5;7;16;8;15;14;5;7;1;8;8;5;6;8;9;9;9;8;9;7;8;4;10;12;8;12;11;8;14;8;9;13;9
Imbabura;Violaciones;11;12;11;8;11;8;9;14;14;9;10;19;6;6;13;10;6;9;14;12;10;13;13;11;12;14;11;11;10;12;16;11;12;11;10;10;14;12;15;8;13;11;14;10;13;14;15;11;16;10;16;11;16;20;17;16;12;17;13;20;16;11;13;10;6;11;14;20;12;10;13;9;10;11;11;7;10;9;8;10;10;20;14;15;19;8;22;12;13;14;11;22;16;15;10;24;12;15;22;19;8
Loja;Robo a personas;41;39;38;40;42;30;27;29;30;58;32;35;36;50;34;50;41;52;41;33;44;22;37;23;28;30;38;34;33;39;23;21;21;24;22;21;26;23;17;21;30;19;29;21;28;24;22;27;17;24;13;17;37;14;20;27;23;18;23;19;14;20;40;18;22;14;24;26;19;25;26;27;25;34;10;1;4;12;18;13;11;20;18;23;12;7;11;21;16;14;19;14;21;12;40;18;23;15;31;30;30
Loja;Robo de bienes, accesorios y autopartes de vehiculos;15;19;29;17;19;20;18;32;21;17;22;18;28;15;22;18;10;13;19;17;16;25;21;18;19;11;18;19;13;13;21;13;22;28;23;20;10;18;16;22;9;16;15;8;11;9;7;18;10;14;13;12;13;9;15;8;15;13;4;7;4;9;2;0;4;8;5;6;6;8;6;4;11;7;4;0;4;6;4;7;6;9;7;4;12;6;9;6;2;8;7;8;7;7;4;9;9;8;5;10;10
Loja;Robo de motos;2;3;4;2;6;3;2;3;1;3;5;4;2;3;5;3;2;0;1;2;4;2;3;3;5;2;3;0;3;2;0;5;0;1;2;3;3;0;5;0;2;1;2;4;4;7;6;7;4;2;2;1;1;2;2;1;1;4;1;2;2;2;2;2;2;0;1;1;0;0;0;3;2;2;0;0;1;1;0;2;5;3;1;2;1;0;2;0;2;4;1;0;1;2;1;3;3;2;3;3;7
Loja;Robo de carros;0;5;7;8;8;1;4;5;3;3;3;3;2;5;3;3;6;2;0;3;7;2;5;8;2;1;4;1;5;1;5;9;5;0;3;7;2;5;5;3;2;1;2;3;5;0;0;2;9;7;3;3;2;1;2;2;0;3;3;3;1;0;1;2;6;4;3;4;0;2;3;1;2;0;0;0;0;5;0;0;1;0;1;0;0;0;0;2;0;0;3;1;1;1;1;3;2;3;2;2;1
Loja;Robo a domicilio;68;71;73;93;55;55;37;64;55;41;41;45;60;53;69;77;74;76;74;74;52;50;44;33;35;43;22;24;31;27;21;38;34;23;29;29;22;29;28;35;26;40;38;19;21;16;20;25;24;25;26;23;28;25;23;22;24;12;16;21;9;8;13;19;14;9;9;16;15;27;16;32;19;17;10;8;9;17;17;18;24;25;21;19;27;18;19;18;12;16;21;23;23;23;24;28;32;26;17;25;18
Loja;Robo a unidades economicas;6;4;16;7;7;8;13;13;5;9;5;8;11;8;18;13;15;10;18;16;9;10;4;9;5;4;9;4;8;7;6;4;9;3;3;4;7;5;10;3;7;2;6;5;8;6;3;4;2;3;4;6;6;2;3;3;7;3;1;4;2;6;4;1;2;5;6;4;3;4;3;3;0;8;0;1;1;2;2;0;4;6;2;1;6;1;6;4;5;5;4;0;4;5;7;3;5;4;14;11;5
Loja;Violaciones;13;12;15;10;9;13;12;11;14;15;17;22;13;11;15;13;14;11;24;8;14;15;11;14;14;9;21;6;17;12;14;13;9;17;11;6;14;10;14;9;11;15;15;4;9;15;8;4;14;9;11;16;12;12;10;15;12;7;19;17;25;20;13;25;21;12;20;20;8;11;11;29;14;20;8;6;13;6;18;17;15;10;9;16;14;15;13;14;15;13;11;8;13;11;16;18;9;17;9;22;21
Los Rios;Robo a personas;131;152;168;164;135;145;139;148;135;140;116;125;139;151;160;124;140;125;129;126;138;120;96;121;131;136;131;108;140;103;135;122;121;130;102;137;109;115;143;143;151;124;124;137;121;150;139;144;141;122;125;134;141;119;135;140;111;158;134;123;172;157;189;162;150;154;164;125;137;167;132;135;148;142;78;44;67;94;122;97;131;122;123;124;135;126;153;124;141;139;167;152;134;113;129;192;144;157;181;201;171
Los Rios;Robo de bienes, accesorios y autopartes de vehiculos;19;17;14;24;22;15;13;19;14;15;10;11;11;16;14;14;15;8;17;18;22;19;12;16;12;13;18;13;12;11;11;12;12;17;13;10;8;11;12;13;10;8;6;12;20;18;12;7;9;9;12;10;15;14;5;6;14;8;13;20;10;15;19;16;17;17;26;6;10;16;19;15;10;10;7;3;4;4;6;7;12;11;6;13;14;9;11;8;11;7;7;16;7;9;7;12;8;10;3;12;5
Los Rios;Robo de motos;80;69;89;82;88;81;67;84;69;64;60;54;58;58;45;46;61;54;59;58;58;53;61;54;43;47;57;39;56;44;50;54;39;41;49;47;51;61;58;63;54;41;49;43;50;64;55;52;61;57;61;74;53;38;57;66;67;55;71;92;84;75;86;95;84;87;101;89;78;100;106;80;77;87;67;52;85;109;105;108;112;91;80;115;137;116;129;98;131;121;188;183;180;157;164;202;217;225;235;257;238
Los Rios;Robo de carros;17;20;18;20;17;15;12;19;16;12;12;14;15;9;14;9;9;13;11;12;10;14;8;12;8;5;11;15;10;14;14;12;13;10;16;15;6;5;17;9;11;9;6;16;6;10;9;13;12;10;10;7;12;5;15;14;11;12;11;16;19;15;16;11;14;10;24;25;11;26;24;25;20;25;17;11;17;19;30;21;29;17;34;27;43;31;45;26;31;29;53;56;37;44;52;54;57;49;67;72;88
Los Rios;Robo a domicilio;83;68;68;83;79;79;75;76;80;77;64;89;62;78;101;89;75;71;91;90;85;79;99;74;53;63;81;68;61;44;72;63;63;71;59;58;46;51;87;65;65;65;74;66;78;67;56;53;65;46;59;56;56;37;46;46;53;54;41;55;72;48;55;44;43;37;42;33;36;44;33;43;25;39;17;14;19;22;28;18;25;31;31;26;36;17;34;24;28;22;30;20;29;36;30;21;35;25;42;25;48
Los Rios;Robo a unidades economicas;37;30;54;37;34;29;38;26;36;27;38;36;45;35;40;38;30;30;35;31;22;29;33;37;43;31;32;18;22;18;22;22;17;24;18;24;16;19;21;13;24;21;11;26;24;22;21;14;25;22;24;13;12;25;30;21;22;14;25;20;26;27;31;20;24;27;25;27;15;25;20;25;21;25;26;22;9;14;8;22;9;12;15;17;14;19;17;24;18;9;15;19;14;24;24;26;19;14;19;27;21
Los Rios;Violaciones;22;27;16;19;17;21;22;30;16;24;19;14;20;24;22;19;11;24;17;25;24;19;24;32;27;16;12;18;27;13;20;19;20;14;12;29;19;19;16;10;12;21;25;21;24;34;23;23;23;23;16;12;15;20;15;14;15;16;19;13;15;19;18;13;18;16;17;21;20;16;26;16;18;19;15;11;14;17;11;22;17;23;16;29;33;11;24;15;16;19;31;21;28;24;17;25;19;19;16;19;10
Manabi;Robo a personas;199;188;212;183;165;164;198;157;160;184;161;183;181;185;216;198;231;231;221;204;228;175;191;149;163;178;142;77;65;97;97;108;122;108;117;147;119;128;132;109;123;112;109;97;100;88;102;129;120;86;116;101;104;85;116;86;89;94;91;104;121;76;136;115;96;124;116;82;90;108;116;105;134;91;42;16;40;59;61;68;66;79;76;66;75;56;55;40;57;82;78;76;61;57;78;106;62;73;98;123;82
Manabi;Robo de bienes, accesorios y autopartes de vehiculos;30;29;36;35;29;21;37;30;30;34;23;30;37;28;34;35;35;42;39;41;32;38;48;37;33;33;27;23;23;15;25;27;23;21;26;19;18;28;32;31;21;21;17;20;25;16;20;19;16;17;11;8;21;25;25;13;21;17;16;11;18;13;21;6;18;20;12;12;21;8;17;22;19;14;8;0;3;4;5;9;18;14;9;5;10;12;12;10;11;10;11;20;12;18;15;6;29;17;13;12;14
Manabi;Robo de motos;59;60;58;54;72;44;67;52;56;61;52;67;60;56;47;41;71;62;76;73;53;63;39;67;47;44;46;51;51;32;46;33;38;40;38;41;30;51;54;41;28;35;24;48;22;35;44;25;29;32;30;32;50;37;35;47;48;38;41;37;42;45;57;39;38;33;57;49;54;43;40;48;52;42;24;6;18;31;31;23;30;38;34;37;39;29;51;41;34;33;55;39;43;42;63;63;71;52;72;76;80
Manabi;Robo de carros;74;71;74;63;85;51;49;52;52;60;55;90;79;41;33;37;36;41;51;48;39;40;47;34;47;64;54;35;28;30;27;38;36;29;42;30;28;29;26;26;32;38;22;29;26;24;18;25;32;23;28;21;37;36;26;27;42;35;41;21;20;20;37;38;35;30;34;28;43;34;40;36;30;43;19;3;8;21;23;23;22;30;29;31;29;31;28;30;29;36;49;37;39;52;41;40;43;35;51;54;56
Manabi;Robo a domicilio;111;94;137;137;125;128;119;111;95;115;148;145;138;117;95;136;130;119;136;126;140;118;138;153;142;127;107;119;108;110;93;67;75;90;112;91;88;89;94;92;97;97;100;94;75;81;90;81;82;76;97;81;75;53;68;48;70;72;71;80;80;81;91;82;54;52;79;68;68;51;76;78;69;52;42;27;31;26;32;40;44;55;52;58;39;43;49;48;41;27;43;48;52;45;38;46;41;45;44;44;49
Manabi;Robo a unidades economicas;46;39;44;41;35;31;28;30;36;37;50;37;37;40;55;56;57;57;38;34;36;28;39;46;23;31;35;53;25;38;33;27;27;36;14;26;24;37;44;52;47;34;16;32;13;25;22;27;22;22;28;25;25;17;26;10;23;29;21;28;28;48;31;25;34;30;25;41;28;35;41;42;26;26;18;13;18;6;21;14;26;35;28;23;22;31;13;27;15;19;29;31;29;17;19;24;19;13;29;54;39
Manabi;Violaciones;28;36;33;20;32;27;38;30;27;28;29;23;27;33;41;22;19;21;26;28;37;34;34;24;25;22;16;20;29;33;22;22;29;28;32;32;36;13;29;21;27;33;25;37;35;47;45;24;32;26;38;35;34;35;25;43;46;43;35;22;35;29;27;33;38;33;28;35;39;25;36;25;35;20;26;22;18;16;36;28;37;27;33;42;49;33;32;36;41;32;34;32;30;20;25;27;31;37;28;30;33
Morona Santiago;Robo a personas;7;4;4;3;1;6;4;1;6;8;4;8;3;2;10;4;6;3;1;5;5;6;3;5;4;4;7;3;5;1;9;1;6;4;4;6;3;2;2;2;3;6;7;2;9;5;6;5;7;5;3;3;9;10;2;4;6;2;8;4;5;4;3;3;6;6;3;5;6;7;7;5;6;4;2;0;0;0;1;0;2;4;5;3;4;2;6;3;3;4;9;5;1;1;5;8;3;6;3;10;4
Morona Santiago;Robo de bienes, accesorios y autopartes de vehiculos;4;1;2;1;11;0;2;6;6;0;5;8;3;1;4;0;2;1;5;2;3;4;4;5;2;2;1;6;1;5;6;6;3;2;5;3;8;2;1;0;4;1;0;1;7;2;3;1;3;1;4;2;2;5;2;4;0;1;2;1;4;1;2;0;3;5;0;1;1;1;1;2;4;1;0;0;0;1;0;0;1;0;1;1;2;1;1;2;4;0;4;2;2;3;1;1;2;1;1;1;0
Morona Santiago;Robo de motos;6;5;4;3;4;4;3;4;7;1;4;3;1;2;2;1;3;2;2;5;3;5;2;1;1;2;5;0;7;4;4;2;2;5;1;5;3;3;3;5;2;2;2;4;4;0;0;0;2;2;2;1;1;0;0;0;1;0;3;1;1;1;1;0;3;2;1;7;0;3;4;2;3;1;1;0;0;2;0;0;4;4;0;0;0;2;4;1;2;1;0;1;2;3;1;2;3;2;1;4;0
Morona Santiago;Robo de carros;2;1;1;0;1;0;0;2;1;0;0;0;0;1;0;0;0;0;1;0;0;1;1;1;0;0;0;0;2;0;0;0;2;0;0;0;0;1;0;0;1;1;0;0;0;0;1;1;1;1;0;0;0;0;1;0;1;0;0;0;0;0;0;0;0;0;0;0;0;0;0;0;1;0;0;0;0;1;0;0;2;0;1;0;1;0;0;0;0;0;0;0;2;0;0;0;0;0;1;1;0
Morona Santiago;Robo a domicilio;22;7;19;23;14;26;10;21;9;17;16;14;33;21;19;17;14;16;33;24;21;12;15;21;21;20;17;14;13;22;21;15;12;15;19;11;14;11;16;21;13;11;11;17;18;14;17;24;18;18;9;11;20;20;24;13;13;12;20;18;14;15;15;13;9;11;4;12;15;13;18;14;14;8;3;6;9;10;7;6;14;8;17;13;9;9;10;16;14;14;11;10;15;17;5;10;16;12;6;8;7
Morona Santiago;Robo a unidades economicas;8;6;4;4;8;11;5;5;4;7;4;3;7;2;4;11;4;6;4;3;7;4;5;3;7;2;4;3;6;6;2;5;6;6;4;5;1;2;3;2;4;6;3;5;4;5;2;6;2;2;5;4;8;4;4;0;4;1;0;2;2;6;8;1;2;3;4;3;1;3;1;5;2;1;0;0;0;1;2;1;2;1;1;2;4;2;4;1;1;5;3;2;1;5;2;4;3;4;1;9;2
Morona Santiago;Violaciones;8;4;8;2;6;13;15;12;17;16;11;9;13;6;13;13;9;21;5;6;13;6;10;14;14;17;16;16;16;7;22;15;11;19;15;11;19;11;18;19;15;23;15;19;18;9;19;23;17;17;24;18;18;24;13;16;14;28;18;11;27;21;15;29;25;18;26;21;18;15;22;21;26;26;13;15;11;27;23;14;33;24;19;17;24;36;30;33;30;24;24;31;32;30;15;30;13;30;26;21;18
Napo;Robo a personas;5;8;8;15;10;14;7;11;9;10;7;16;8;5;6;5;7;4;3;7;8;8;7;13;14;5;6;14;4;2;2;4;5;6;10;7;4;4;4;4;5;7;2;7;7;2;5;5;4;2;9;2;7;7;2;7;11;9;2;10;6;9;6;8;8;6;5;5;2;9;13;10;9;9;5;0;1;3;4;0;3;6;6;11;7;7;4;4;6;6;5;5;9;10;6;11;9;12;13;8;4
Napo;Robo de bienes, accesorios y autopartes de vehiculos;5;8;5;0;0;1;2;2;5;3;10;0;3;3;1;3;2;4;1;0;0;3;2;1;2;2;1;0;1;0;0;0;2;0;3;0;3;3;5;1;1;1;2;0;5;2;7;2;3;0;2;2;0;0;0;1;0;4;1;1;1;1;3;3;2;2;2;1;0;0;3;1;0;1;0;0;0;1;0;3;0;2;1;1;0;2;4;0;5;2;0;1;0;2;3;2;1;1;2;0;2
Napo;Robo de motos;0;1;0;1;1;0;0;0;2;0;3;2;0;1;2;0;1;1;0;0;0;1;0;2;1;2;0;2;0;1;0;0;0;0;0;1;0;2;0;0;0;0;0;0;0;0;0;1;0;0;1;0;0;0;0;0;0;0;0;0;0;0;0;3;0;0;1;0;0;0;2;1;3;1;1;0;1;0;1;2;0;3;0;0;0;0;1;3;1;0;2;1;0;3;1;1;1;3;0;2;0
Napo;Robo de carros;0;1;3;0;0;1;0;2;0;0;1;0;5;0;1;0;0;1;3;2;1;0;2;2;0;0;0;3;0;0;0;1;0;0;2;0;0;1;0;0;0;0;0;0;1;0;2;0;1;4;0;0;2;0;3;2;0;1;0;0;0;0;0;2;1;0;1;0;0;0;1;2;2;0;0;0;0;1;1;0;0;2;2;0;0;0;0;0;0;0;0;1;0;1;0;1;0;0;0;2;0
Napo;Robo a domicilio;9;3;14;13;10;7;0;13;18;19;12;10;8;9;15;12;11;15;11;8;16;14;8;21;12;14;10;10;10;17;17;18;16;8;9;13;12;19;19;15;18;13;10;10;14;8;10;13;10;9;9;7;15;10;16;14;9;10;2;6;11;8;5;7;12;9;7;6;16;8;8;13;10;6;7;1;6;11;6;4;10;12;12;9;7;1;3;5;6;6;4;10;6;5;5;4;1;2;6;11;9
Napo;Robo a unidades economicas;5;0;2;2;5;2;3;4;2;6;3;0;5;2;2;4;1;10;3;6;4;5;7;2;6;1;3;1;5;3;1;9;3;2;4;7;1;2;3;5;2;2;4;6;4;2;4;4;1;1;1;0;3;1;4;6;0;1;6;3;5;2;2;1;1;1;3;1;3;4;2;2;0;2;3;0;0;0;2;1;3;2;1;1;4;3;1;3;2;1;3;6;1;1;6;2;5;4;6;6;2
Napo;Violaciones;9;9;6;5;7;4;7;5;10;3;7;11;6;1;8;8;10;9;5;1;8;9;6;7;7;9;5;7;8;2;3;4;11;9;8;2;4;5;9;4;7;4;10;6;7;4;11;7;6;4;8;7;6;5;8;5;5;4;5;3;7;3;7;7;4;2;7;10;7;7;3;10;6;8;12;6;6;5;9;4;6;8;7;6;16;11;9;6;13;8;7;16;10;6;8;12;9;16;17;11;5
Pastaza;Robo a personas;3;0;1;2;8;0;3;2;2;2;3;9;4;9;4;4;12;8;4;6;6;10;15;13;12;19;10;10;9;9;10;10;8;9;10;9;8;7;6;9;10;9;9;7;4;5;11;6;6;5;11;2;7;5;11;5;12;6;4;5;6;8;8;2;7;6;14;9;4;9;6;15;12;4;7;0;4;3;4;7;6;4;9;6;4;5;3;6;8;6;9;16;9;9;9;4;6;14;9;12;6
Pastaza;Robo de bienes, accesorios y autopartes de vehiculos;4;2;2;4;3;3;1;1;3;9;9;3;2;4;6;4;7;1;3;3;2;1;4;3;2;1;4;2;2;2;5;3;1;0;2;1;3;3;2;4;5;2;2;1;4;4;5;2;3;2;1;0;5;4;3;4;3;2;0;0;1;1;1;2;2;3;2;4;3;4;2;2;2;1;3;1;0;0;0;1;1;0;2;1;1;1;3;3;4;0;3;1;2;2;1;0;3;2;0;2;0
Pastaza;Robo de motos;0;0;0;0;1;0;0;0;0;0;0;1;0;0;0;1;0;0;0;0;0;0;1;1;1;0;2;0;0;0;0;0;1;2;0;1;2;1;0;0;1;1;0;0;0;0;1;0;0;0;0;0;0;0;1;2;1;0;0;0;0;0;0;0;1;0;0;0;1;1;0;1;1;1;1;1;0;1;1;1;0;0;0;0;0;0;0;1;2;0;0;1;0;1;0;1;0;0;0;1;0
Pastaza;Robo de carros;0;0;0;0;0;0;1;0;2;1;0;2;0;0;0;1;1;0;0;0;0;0;5;1;1;2;1;2;1;1;0;0;1;1;1;1;1;1;0;1;1;1;0;1;0;1;0;0;2;0;0;0;0;0;1;0;0;0;0;0;0;0;1;0;2;1;2;1;1;0;1;0;0;0;0;0;0;1;0;0;1;0;1;1;0;0;1;0;0;0;1;1;1;1;0;0;0;1;1;0;1
Pastaza;Robo a domicilio;11;4;5;4;15;17;6;17;8;9;16;17;11;12;9;3;13;11;14;14;17;16;22;23;34;15;19;18;20;17;13;23;11;14;13;12;15;16;12;14;13;11;11;12;8;8;5;7;12;10;10;8;6;12;9;15;15;6;11;9;18;11;12;14;12;8;10;9;12;11;13;14;17;12;5;2;0;6;10;9;11;13;11;13;4;7;17;6;7;2;8;6;11;16;10;3;8;8;9;12;10
Pastaza;Robo a unidades economicas;3;6;1;4;5;4;5;1;3;4;2;7;7;6;6;3;2;6;10;7;3;3;6;4;6;3;3;3;2;1;10;5;4;3;5;0;1;3;2;4;5;2;3;0;3;0;3;4;2;1;5;5;1;5;0;2;6;2;8;0;2;4;3;4;1;5;1;2;1;5;2;3;1;3;1;0;1;2;2;1;1;2;1;1;2;5;3;3;5;1;5;3;2;2;3;2;1;3;6;3;2
Pastaza;Violaciones;4;7;3;6;3;5;6;0;8;3;4;2;3;4;9;3;3;6;5;5;4;6;7;9;7;3;1;4;5;3;5;1;1;3;4;3;6;3;5;3;1;4;4;4;6;2;7;5;9;11;7;6;8;7;4;7;5;8;4;7;6;8;8;15;7;8;12;8;13;7;4;5;11;9;3;3;5;7;6;7;6;12;8;9;8;11;9;12;7;11;7;7;7;15;19;15;13;4;5;9;6
Pichincha;Robo a personas;776;637;677;599;719;678;719;713;742;765;773;779;777;732;750;677;649;658;739;689;746;781;725;765;668;667;616;609;574;637;612;517;591;538;535;574;536;472;619;542;572;598;523;538;566;575;517;554;553;499;603;531;597;564;565;617;531;629;600;661;542;588;583;619;578;537;569;640;554;647;737;844;799;680;307;55;139;271;352;340;412;519;519;483;411;443;480;443;419;505;547;515;503;543;555;622;552;550;639;615;598
Pichincha;Robo de bienes, accesorios y autopartes de vehiculos;506;438;521;500;592;471;534;523;447;474;464;458;465;470;476;406;496;424;519;504;549;529;497;485;380;386;382;416;408;399;411;389;411;469;425;464;373;347;397;399;394;405;386;328;342;356;336;377;348;293;314;278;279;275;249;272;253;255;251;286;239;229;297;242;301;298;292;325;317;314;368;390;307;272;116;37;81;176;225;186;223;232;206;226;249;247;280;237;256;263;278;299;245;246;256;309;231;247;256;260;276
Pichincha;Robo de motos;71;48;40;57;55;60;75;62;83;88;83;91;119;101;71;64;82;68;83;77;77;90;69;97;90;98;56;69;55;47;46;60;49;53;54;46;43;35;37;34;86;72;71;55;47;64;68;65;57;45;69;58;59;69;54;76;80;97;90;101;82;80;77;82;81;115;107;102;91;98;108;138;111;106;58;29;62;90;84;82;94;112;116;107;85;91;119;95;77;99;124;113;115;117;112;114;112;100;116;104;121
Pichincha;Robo de carros;194;140;166;170;196;156;167;183;190;177;185;161;169;156;163;150;174;166;176;186;164;182;151;129;141;124;144;120;155;145;159;130;148;128;105;127;88;114;139;123;110;118;147;130;133;154;150;143;129;113;125;112;115;105;115;99;123;116;132;159;114;122;127;147;129;140;113;104;130;97;146;136;164;143;88;10;42;104;122;103;114;159;146;141;105;119;137;114;130;160;135;159;145;191;161;166;177;150;150;164;192
Pichincha;Robo a domicilio;358;293;336;303;305;297;363;387;343;414;424;404;398;361;381;370;330;296;375;406;339;490;378;462;343;366;357;265;317;308;306;278;238;251;309;307;220;192;220;193;248;234;243;242;294;283;260;260;241;242;256;187;239;172;185;184;197;185;225;242;167;160;164;161;156;188;191;207;202;188;270;295;204;203;108;20;52;91;110;146;153;172;146;152;115;162;134;96;117;128;150;166;152;175;177;147;144;143;134;140;144
Pichincha;Robo a unidades economicas;224;198;192;184;177;163;183;181;214;234;176;172;232;176;199;152;155;154;204;239;251;245;205;233;172;186;160;183;173;191;151;150;151;159;121;145;122;126;132;133;147;106;101;137;143;154;137;108;105;113;119;116;125;137;106;106;94;123;156;149;130;131;135;134;113;97;134;131;158;193;156;177;174;126;69;48;53;98;127;118;143;157;139;128;152;138;171;143;108;115;141;129;122;127;181;162;123;129;160;128;114
Pichincha;Violaciones;58;124;141;115;81;85;95;73;101;96;96;100;90;69;89;77;81;80;85;78;86;62;86;75;78;71;71;70;78;65;65;67;65;72;72;59;80;56;79;71;81;73;58;77;64;84;64;66;78;69;70;89;78;72;77;73;57;92;69;70;83;74;80;64;85;88;68;63;55;73;81;69;108;85;60;23;47;62;79;44;86;109;83;87;91;90;87;98;79;96;91;92;87;101;94;88;99;90;124;122;83
Tungurahua;Robo a personas;37;45;55;38;30;26;44;39;41;36;30;26;39;44;46;36;50;44;36;45;49;35;46;46;34;49;31;23;52;44;36;23;32;35;32;44;43;45;46;35;49;48;39;31;42;50;36;40;46;35;57;59;43;38;57;36;49;51;43;43;60;35;49;25;44;45;33;38;46;47;38;59;50;54;27;5;16;19;36;25;25;42;35;32;33;49;45;52;24;35;40;39;36;50;46;52;30;38;28;37;48
Tungurahua;Robo de bienes, accesorios y autopartes de vehiculos;35;39;34;55;40;45;42;51;33;43;41;37;39;45;43;37;38;23;32;30;35;35;31;38;45;25;37;20;36;36;28;15;26;32;52;57;37;46;35;23;45;36;23;25;26;36;24;34;30;40;41;32;39;63;35;19;32;22;17;38;27;23;26;21;27;35;36;30;24;14;28;29;22;25;12;11;11;18;29;40;35;34;43;30;35;21;25;29;30;26;45;28;25;31;21;34;28;37;32;19;30
Tungurahua;Robo de motos;0;0;0;0;1;2;0;0;0;1;0;2;0;0;1;1;3;0;1;2;2;0;1;3;1;1;2;2;1;1;3;1;0;0;0;3;0;1;1;0;1;1;1;1;0;1;4;1;1;0;1;1;1;6;2;0;0;1;2;4;1;0;0;0;3;1;2;3;3;1;1;2;0;4;1;4;3;5;8;4;8;4;3;0;1;3;4;3;1;5;3;3;0;2;1;2;1;4;4;3;2
Tungurahua;Robo de carros;5;15;12;14;3;13;11;0;12;6;4;9;10;3;5;4;6;7;14;12;2;3;9;6;8;3;10;4;12;8;6;8;10;16;8;8;11;7;8;4;3;7;6;5;5;8;3;6;5;5;8;5;5;8;3;4;7;9;5;11;5;2;10;7;5;6;5;3;3;9;6;3;7;3;3;0;2;2;6;3;2;6;4;8;7;4;9;11;2;2;4;5;4;9;8;7;3;12;12;8;14
Tungurahua;Robo a domicilio;29;31;50;39;47;30;32;37;21;37;30;41;40;28;41;26;21;33;26;31;40;31;38;47;42;34;30;38;38;22;31;26;24;19;22;24;23;35;30;18;23;36;24;25;27;32;41;20;17;24;32;29;28;18;18;7;23;19;18;16;20;23;22;17;20;21;16;20;31;18;31;27;23;28;15;4;11;8;14;19;17;19;18;16;25;15;17;19;15;17;35;26;35;17;27;32;21;29;26;23;23
Tungurahua;Robo a unidades economicas;10;8;8;14;16;16;24;20;10;14;12;18;8;8;9;11;9;11;14;14;11;20;13;7;9;14;12;10;20;20;8;3;11;6;10;10;15;11;15;8;12;11;18;6;14;15;7;10;12;9;6;10;6;4;6;10;14;11;12;8;15;12;11;8;11;9;13;8;14;12;10;14;7;15;10;5;7;8;16;12;14;2;8;13;12;9;9;12;10;9;17;5;19;9;9;11;12;8;12;15;15
Tungurahua;Violaciones;14;6;13;12;13;12;16;19;11;11;6;11;8;7;9;9;16;10;10;5;9;12;11;11;7;6;7;7;12;5;8;10;5;11;8;12;10;10;13;6;16;14;7;10;11;9;12;14;14;10;9;11;12;13;16;10;15;12;16;10;11;19;20;9;11;9;15;15;13;13;9;14;12;15;10;4;11;9;12;15;15;11;13;13;16;22;16;10;16;10;10;9;11;12;14;14;15;12;18;15;10
Zamora Chinchipe;Robo a personas;4;6;3;7;5;2;0;3;0;4;0;6;3;5;1;1;3;1;1;4;5;5;7;4;3;10;7;0;2;6;2;2;0;2;1;2;4;0;4;3;2;4;3;2;5;2;7;4;2;2;0;5;2;1;0;4;1;1;2;7;3;2;4;2;2;1;1;2;4;2;3;2;3;4;1;0;0;2;2;1;4;1;1;4;1;1;4;1;0;0;0;5;1;8;4;2;0;2;3;5;7
Zamora Chinchipe;Robo de bienes, accesorios y autopartes de vehiculos;1;2;1;0;1;0;0;2;0;2;1;1;1;0;1;0;1;2;0;2;2;0;1;1;3;0;4;1;1;0;1;1;2;0;1;0;1;2;0;1;0;1;2;1;1;3;1;2;2;7;0;0;4;0;1;0;0;0;1;0;0;0;4;0;1;0;0;1;1;1;1;0;2;0;0;0;0;1;0;0;2;0;1;0;0;0;0;0;0;0;1;0;0;0;1;0;0;0;1;0;0
Zamora Chinchipe;Robo de motos;0;3;1;0;0;0;0;0;0;0;0;0;0;0;0;0;0;0;1;1;1;2;0;0;0;1;0;0;0;0;1;0;0;0;0;0;0;0;0;0;0;0;0;0;0;1;0;1;0;0;0;0;0;1;0;0;0;1;1;0;1;0;0;0;0;1;0;0;1;0;0;0;0;0;0;0;0;0;0;0;1;0;1;0;0;0;0;0;0;0;1;0;0;0;0;1;0;0;1;0;0
Zamora Chinchipe;Robo de carros;0;0;0;0;0;1;0;0;0;0;0;0;0;0;1;0;1;0;0;0;0;0;0;0;0;2;0;0;0;0;0;0;1;0;0;1;0;1;0;0;0;0;0;0;0;0;0;0;1;0;0;0;0;0;0;0;0;0;1;0;0;0;0;0;0;0;0;0;0;0;0;0;1;3;0;0;0;0;0;0;0;0;0;0;0;0;0;1;0;0;1;0;0;0;0;0;1;0;0;1;2
Zamora Chinchipe;Robo a domicilio;10;8;7;7;9;4;7;4;3;4;8;6;5;3;7;8;6;8;7;11;16;7;12;13;8;9;4;9;9;10;7;8;3;3;5;3;8;3;3;6;5;3;6;5;6;10;2;8;3;6;5;8;8;7;7;6;4;6;7;10;8;11;6;5;6;3;5;2;3;7;8;8;3;4;4;1;3;2;1;8;2;3;4;4;1;5;1;3;4;3;4;2;4;5;3;7;2;6;6;3;1
Zamora Chinchipe;Robo a unidades economicas;2;2;2;3;3;3;2;1;2;3;1;3;2;4;3;0;4;4;1;1;1;3;2;5;3;5;4;1;1;4;4;4;3;1;1;4;2;2;2;2;4;1;4;1;1;6;3;5;1;4;1;2;0;1;2;1;2;5;2;0;1;1;3;1;1;2;2;5;0;2;4;6;4;0;3;0;2;1;2;1;1;0;1;4;1;1;1;3;0;0;1;3;1;4;4;2;2;2;1;3;1
Zamora Chinchipe;Violaciones;2;3;3;4;7;3;4;4;8;6;2;6;5;4;8;5;6;3;2;1;2;3;4;7;3;2;1;2;5;5;4;5;3;5;2;3;1;2;1;4;4;7;4;4;2;7;10;4;2;5;5;5;0;4;10;7;3;10;11;11;5;12;6;4;6;4;5;3;8;5;4;6;4;7;7;3;9;2;5;6;8;6;8;4;2;7;7;6;4;5;4;9;7;5;5;6;7;4;7;2;9
Galapagos;Robo a personas;0;1;3;3;0;1;0;0;0;0;1;0;0;0;0;0;0;0;1;0;0;0;1;0;0;0;0;2;1;0;0;0;1;0;0;1;1;0;0;0;0;1;0;2;1;0;0;1;0;1;1;0;0;0;0;0;0;0;0;0;0;0;0;0;0;0;0;2;0;0;0;0;0;0;0;0;0;0;0;0;1;2;0;0;1;0;0;0;0;0;0;0;1;0;0;0;1;0;0;0;1
Galapagos;Robo de bienes, accesorios y autopartes de vehiculos;0;0;0;0;0;0;0;0;0;0;0;0;0;0;0;0;0;0;0;0;0;0;0;0;0;0;0;0;0;0;0;0;0;0;0;0;0;0;0;0;0;0;0;0;0;0;0;0;0;0;0;0;0;0;0;0;0;0;0;0;1;0;0;0;0;0;0;0;0;0;0;0;0;0;0;0;0;0;0;0;0;0;0;0;0;0;0;0;0;0;0;0;0;0;0;0;0;0;0;0;0
Galapagos;Robo de motos;0;0;0;0;0;0;0;0;0;0;0;0;0;0;0;0;0;1;0;0;0;0;0;0;0;0;0;0;0;0;0;0;0;0;0;1;0;0;0;0;0;0;0;0;0;0;0;0;0;0;0;0;0;0;0;0;0;0;0;0;0;0;0;0;0;0;0;0;0;0;0;0;0;0;0;0;0;0;0;1;0;0;0;0;0;0;0;0;0;0;0;0;0;0;0;0;0;0;0;0;0
Galapagos;Robo de carros;0;0;0;0;0;0;0;0;0;0;0;0;0;0;0;0;0;0;0;0;0;0;0;1;0;0;0;0;0;0;0;0;0;0;0;0;0;0;0;0;0;0;0;0;0;0;0;0;0;0;0;0;0;0;0;0;0;0;0;0;0;0;0;0;0;0;0;0;0;0;0;0;0;0;0;0;0;0;0;0;0;0;0;0;0;0;0;0;0;0;0;0;0;0;0;0;0;0;0;0;0
Galapagos;Robo a domicilio;0;1;1;0;0;1;0;0;0;1;0;0;0;0;1;2;0;0;1;0;1;1;0;0;1;1;1;0;2;0;0;1;0;0;0;1;0;0;1;0;0;0;0;0;2;0;1;1;0;0;0;1;1;0;0;0;0;0;1;0;1;0;1;0;1;3;0;0;0;1;0;0;0;0;2;1;0;3;0;1;3;1;0;2;1;3;1;0;1;0;0;0;1;0;0;1;1;0;1;2;0
Galapagos;Robo a unidades economicas;1;0;1;0;0;0;0;0;1;0;0;0;0;0;0;1;0;1;0;1;1;0;1;1;1;1;1;0;0;1;0;0;0;0;0;0;0;0;3;0;1;0;1;0;0;0;0;0;0;1;0;0;0;0;0;0;1;2;0;1;0;0;0;0;0;0;0;0;0;0;0;1;0;1;0;0;0;0;0;2;0;2;0;1;0;0;0;2;2;2;0;2;2;0;1;0;0;0;0;0;0
Galapagos;Violaciones;0;0;1;0;0;0;1;1;0;0;1;0;1;0;1;1;0;0;0;1;0;0;1;0;1;0;1;2;0;0;0;0;4;1;3;2;0;2;0;2;1;0;1;0;2;1;3;1;3;0;3;3;1;0;3;2;2;1;2;0;1;0;2;3;4;2;0;2;0;3;2;1;0;0;2;0;0;2;0;1;2;0;1;1;1;2;1;0;2;1;4;1;2;0;0;3;1;2;0;3;0
Sucumbios;Robo a personas;16;20;18;20;17;9;13;17;22;15;23;20;23;28;20;29;35;26;22;28;38;44;34;38;24;16;25;28;24;11;16;20;20;19;11;21;16;26;29;22;29;26;27;25;35;33;23;42;40;19;35;33;23;21;30;22;19;38;11;34;22;17;14;28;29;41;30;15;28;26;16;35;22;33;18;1;12;10;22;22;12;20;11;9;12;14;14;14;11;16;16;16;15;22;13;20;25;31;25;17;23
Sucumbios;Robo de bienes, accesorios y autopartes de vehiculos;7;5;7;6;2;7;4;0;7;9;4;2;10;7;7;9;11;1;5;5;8;7;1;14;7;11;0;2;7;2;4;9;1;4;8;8;4;2;3;2;3;6;3;3;3;0;1;2;0;4;5;3;4;1;1;1;3;0;2;3;2;5;1;0;3;4;7;0;1;3;2;5;3;6;1;0;3;1;0;4;0;8;4;0;0;3;2;3;1;1;3;4;5;4;2;3;1;6;6;3;3
Sucumbios;Robo de motos;34;19;27;39;20;23;13;27;15;11;11;19;30;23;27;20;19;20;16;13;27;28;29;28;38;35;24;34;37;27;34;30;40;37;25;31;31;26;43;22;11;17;10;6;12;8;18;17;12;15;34;29;15;13;12;14;10;16;24;29;27;32;21;18;23;21;26;14;12;12;16;26;15;8;4;0;2;7;11;6;2;4;5;2;5;8;6;3;9;9;10;13;7;11;14;19;8;17;25;15;12
Sucumbios;Robo de carros;3;3;3;6;3;11;9;2;0;3;4;4;3;6;3;3;1;3;9;7;5;5;5;9;5;8;7;4;5;2;9;7;2;5;2;1;1;0;3;1;1;2;0;0;0;0;1;1;3;3;1;3;2;1;0;3;2;3;1;0;0;1;4;1;3;5;2;0;1;2;1;1;3;0;1;0;0;2;2;0;0;0;0;0;2;1;1;1;0;1;4;3;1;2;1;0;2;0;0;0;1
Sucumbios;Robo a domicilio;11;16;20;19;11;17;15;21;24;35;23;37;21;32;34;30;24;32;26;17;15;27;32;30;30;18;12;14;19;26;14;22;21;15;18;30;20;14;18;21;20;12;21;24;22;34;36;21;20;20;33;17;24;25;25;24;36;27;22;14;19;22;20;16;18;20;23;17;22;15;13;15;14;12;9;3;6;4;11;10;17;14;9;8;8;14;12;8;5;15;21;12;18;15;14;8;13;13;21;16;10
Sucumbios;Robo a unidades economicas;6;5;13;12;10;6;6;11;9;10;4;8;11;11;8;5;6;8;10;13;10;7;16;4;6;9;20;8;10;6;6;7;5;5;2;12;6;6;3;5;3;8;2;8;7;9;12;11;9;9;4;6;8;7;6;16;14;9;8;14;6;8;5;7;4;10;7;7;9;9;2;6;4;9;4;1;3;5;2;3;6;4;7;5;3;4;6;2;4;3;4;3;10;5;5;7;5;2;5;5;4
Sucumbios;Violaciones;10;6;12;7;11;10;11;7;6;7;12;4;9;5;14;9;12;16;6;4;13;9;12;13;10;5;12;8;10;7;16;3;13;6;9;9;9;7;14;11;12;11;8;13;9;19;8;7;12;12;19;9;19;9;13;24;13;6;12;12;10;7;15;12;14;17;14;16;11;14;14;17;11;13;12;8;5;12;13;13;20;8;10;15;13;18;20;13;13;19;17;19;12;17;13;17;13;29;22;19;18
Orellana;Robo a personas;13;21;15;15;5;15;8;15;17;14;14;12;19;14;32;29;30;18;24;17;26;29;15;9;12;19;6;10;23;12;26;15;15;23;22;16;19;12;10;14;14;3;20;20;26;23;34;27;15;16;11;24;23;18;19;17;13;23;15;16;10;12;17;11;19;25;26;31;20;27;14;19;14;11;6;3;0;3;8;8;9;7;14;10;4;9;13;10;13;10;17;8;15;16;17;18;16;17;17;12;12
Orellana;Robo de bienes, accesorios y autopartes de vehiculos;7;5;7;5;2;2;1;3;2;4;4;5;2;8;8;5;4;4;2;2;1;5;2;4;4;0;5;1;3;3;5;2;2;4;3;0;0;0;2;6;1;1;6;2;1;1;2;1;3;1;2;1;1;2;3;1;1;2;0;0;0;0;3;1;6;1;2;2;2;1;2;4;0;3;1;0;0;0;1;1;1;1;1;1;3;1;2;1;2;3;1;1;0;2;0;2;2;2;1;2;1
Orellana;Robo de motos;11;26;16;22;17;7;12;13;15;13;21;9;14;13;21;16;9;7;15;14;8;13;9;13;12;6;8;15;11;9;13;17;10;14;7;15;20;16;6;18;11;11;12;14;14;9;12;11;14;5;10;11;11;20;9;16;15;8;14;9;15;10;12;12;8;14;5;15;12;19;19;15;14;11;10;3;11;15;17;12;13;5;19;6;5;9;11;2;7;7;10;7;9;6;5;10;7;2;12;7;14
Orellana;Robo de carros;2;0;1;4;8;5;5;3;0;4;1;2;5;3;4;0;5;2;7;4;2;4;5;5;4;7;3;0;1;1;4;2;4;4;2;1;2;1;1;1;1;1;3;0;0;0;0;2;2;2;1;0;1;1;2;1;0;2;2;0;0;3;0;0;1;0;1;0;2;3;3;0;5;5;0;0;1;2;1;1;0;2;0;0;2;0;0;1;2;2;0;0;2;2;0;0;0;1;0;2;3
Orellana;Robo a domicilio;42;35;31;23;17;19;17;24;27;27;19;24;29;33;33;41;31;18;20;35;20;21;15;31;27;17;25;14;14;26;32;21;18;25;15;27;20;24;22;16;21;28;12;22;18;21;17;18;27;23;18;22;15;25;19;9;10;17;17;18;14;7;11;18;16;17;10;21;25;24;9;17;14;16;12;3;8;12;12;13;7;6;8;12;17;17;18;20;16;14;16;18;25;10;16;17;18;6;13;15;14
Orellana;Robo a unidades economicas;15;10;6;4;7;9;10;6;7;9;5;9;13;7;6;8;4;14;12;11;7;3;6;12;7;2;9;5;6;11;12;8;7;10;9;8;6;8;6;6;6;7;2;3;9;9;8;7;5;8;3;1;5;10;8;6;4;9;11;7;1;6;1;7;9;11;6;8;8;8;10;6;6;5;3;1;3;2;3;6;6;8;4;9;7;9;4;3;3;6;2;10;2;4;9;7;3;5;5;5;1
Orellana;Violaciones;7;3;7;7;7;6;8;10;4;4;9;7;3;7;9;6;11;13;11;5;9;2;13;10;7;2;11;7;12;9;2;9;3;9;4;6;11;4;3;8;12;8;5;7;7;4;10;15;9;10;11;11;8;5;5;9;5;6;6;5;17;6;6;7;3;4;8;4;11;11;7;10;5;10;11;5;3;11;4;7;9;14;12;17;13;9;6;13;20;9;8;14;6;18;5;5;9;17;4;11;10
Santo Domingo De Los Tsachilas;Robo a personas;83;77;103;76;84;77;98;89;81;96;61;78;70;70;90;66;71;79;91;47;80;78;77;76;90;60;67;52;76;65;81;48;50;42;48;47;59;53;69;52;58;65;134;64;71;70;66;59;68;61;71;78;97;53;73;75;66;58;75;63;56;83;66;78;73;59;83;73;61;88;62;64;55;60;32;17;24;37;44;43;45;48;62;50;50;68;49;42;57;44;38;46;44;49;51;61;53;49;89;45;57
Santo Domingo De Los Tsachilas;Robo de bienes, accesorios y autopartes de vehiculos;23;38;36;33;28;26;17;11;13;19;11;15;9;14;13;18;10;11;21;18;20;10;18;15;9;13;11;14;13;13;12;11;11;8;16;6;8;13;18;8;9;9;28;10;19;12;15;14;12;10;20;26;15;16;21;21;17;16;11;9;18;12;3;9;13;12;10;15;9;11;13;6;11;8;5;0;2;7;9;8;7;11;5;5;7;2;7;7;10;6;18;13;12;6;13;13;11;13;10;13;8
Santo Domingo De Los Tsachilas;Robo de motos;61;42;38;24;23;17;18;29;15;15;22;28;27;14;15;30;21;23;24;21;24;20;18;32;30;19;29;21;25;35;30;27;27;24;29;22;24;31;37;27;34;39;52;23;22;20;27;26;24;9;15;20;23;23;32;27;22;30;35;34;67;45;37;39;44;31;33;33;28;43;31;39;39;26;16;7;20;21;23;30;38;33;25;29;38;20;10;27;14;22;30;28;40;29;21;47;32;50;48;32;39
Santo Domingo De Los Tsachilas;Robo de carros;33;15;24;15;27;31;15;17;17;14;12;11;11;24;22;22;25;28;28;30;15;25;17;25;17;9;26;12;33;32;30;14;26;14;16;12;8;9;18;14;16;11;20;6;7;7;10;6;10;7;17;23;18;21;27;16;20;29;17;21;19;21;25;29;22;35;18;25;35;47;40;46;29;34;15;3;16;26;25;15;27;41;44;33;42;17;27;35;25;27;34;25;41;61;50;69;72;48;46;34;60
Santo Domingo De Los Tsachilas;Robo a domicilio;49;50;75;57;46;54;58;34;39;48;43;67;53;53;55;48;64;43;56;37;38;61;47;53;49;40;45;33;45;59;49;46;34;38;32;39;43;45;47;33;40;27;124;48;48;65;42;64;44;41;35;23;46;47;41;40;24;35;26;31;48;25;32;23;26;29;39;34;39;25;32;31;30;26;13;10;10;14;11;24;17;20;15;25;35;23;21;21;15;24;30;15;18;23;31;29;22;26;35;13;31
Santo Domingo De Los Tsachilas;Robo a unidades economicas;41;25;36;30;20;29;18;23;17;24;12;35;31;26;20;17;25;15;17;23;18;20;20;13;28;19;17;27;8;21;20;31;25;20;22;20;22;26;20;30;33;31;22;11;14;18;11;19;19;34;27;17;29;19;16;19;17;13;14;23;21;24;20;16;19;20;16;20;16;16;25;14;13;18;9;9;7;16;16;12;16;15;17;8;16;14;26;17;18;19;12;20;13;16;14;13;16;19;19;12;15
Santo Domingo De Los Tsachilas;Violaciones;16;20;18;12;15;13;19;17;10;13;15;14;13;10;20;13;15;13;16;13;18;26;15;13;8;14;14;20;10;16;16;25;15;25;12;24;22;14;24;13;20;15;11;23;12;23;18;12;22;10;23;9;18;16;17;23;11;20;18;19;15;12;18;21;18;28;12;14;16;15;8;19;24;21;9;5;9;12;11;13;19;28;24;18;18;15;20;21;16;21;27;26;16;34;21;19;17;21;26;23;13
Santa Elena;Robo a personas;76;63;69;62;47;38;28;37;36;33;33;51;45;51;37;51;37;40;47;44;60;83;53;55;47;61;45;48;62;48;59;47;39;34;37;45;45;56;49;48;58;47;43;55;61;50;35;64;47;34;43;30;30;50;50;33;52;44;51;47;48;54;57;45;63;54;50;33;49;43;44;45;43;46;33;9;19;20;33;37;29;34;32;31;26;34;38;39;63;61;47;53;57;55;56;54;71;66;84;71;57
Santa Elena;Robo de bienes, accesorios y autopartes de vehiculos;18;16;32;24;10;11;11;17;11;10;12;23;36;48;29;26;21;8;8;29;7;12;21;9;45;49;15;9;14;6;9;18;10;10;21;21;16;16;9;27;7;8;6;19;11;22;19;26;22;17;25;13;4;7;16;16;7;13;9;25;26;14;26;20;6;6;9;9;5;7;3;16;11;10;1;1;0;1;2;6;6;6;7;0;1;13;10;7;4;9;7;8;6;10;14;7;21;18;9;15;12
Santa Elena;Robo de motos;8;2;8;1;5;8;6;5;5;3;8;3;7;6;5;6;8;2;6;6;11;8;8;10;4;7;10;3;13;14;11;3;6;4;11;2;3;11;7;7;7;7;7;8;8;9;5;9;7;2;5;2;4;4;12;9;8;9;8;9;8;5;9;5;8;12;2;9;21;9;19;11;16;9;6;1;9;5;8;6;2;5;5;10;11;6;7;13;11;12;9;15;6;14;13;10;9;2;16;6;11
Santa Elena;Robo de carros;3;7;9;6;3;0;5;4;4;4;1;0;3;4;2;0;4;6;3;5;7;3;3;3;4;7;2;1;4;1;3;5;1;2;4;1;3;11;4;7;2;3;5;5;2;5;4;3;2;1;4;3;1;3;3;3;1;4;1;4;0;1;4;3;1;2;3;1;2;1;1;3;1;11;0;1;2;1;2;4;4;4;3;7;5;7;8;1;3;5;7;10;10;4;7;3;3;7;8;5;7
Santa Elena;Robo a domicilio;54;54;38;43;67;40;42;36;38;29;48;57;40;25;43;47;38;37;31;31;40;47;42;34;30;33;35;28;46;58;54;42;36;42;26;27;30;45;46;63;41;52;27;46;37;45;44;53;37;33;52;34;36;32;31;42;43;26;36;47;28;38;36;34;26;35;26;38;21;27;30;32;31;43;18;7;17;30;22;20;20;17;25;16;15;22;17;16;24;19;32;23;23;33;26;24;20;21;23;13;22
Santa Elena;Robo a unidades economicas;13;14;12;18;15;8;4;7;5;8;6;10;4;7;10;12;7;7;12;10;8;11;8;8;5;11;8;6;9;8;11;13;15;5;6;9;9;6;14;12;12;7;3;9;10;11;2;6;6;7;9;8;5;7;14;10;8;8;9;10;10;7;11;11;16;7;9;16;17;12;8;9;9;2;4;4;3;0;5;6;5;6;2;7;6;12;12;5;8;7;6;8;6;3;7;10;8;13;10;8;4
Santa Elena;Violaciones;6;1;14;8;9;13;7;10;2;5;7;4;7;8;4;4;5;5;4;16;6;10;3;8;6;8;4;5;3;11;5;6;2;6;10;6;6;7;7;7;7;8;0;4;8;13;13;3;3;7;4;10;14;4;8;9;6;5;5;14;9;11;10;7;8;7;10;4;4;10;11;5;6;5;1;0;2;4;4;8;5;10;5;15;14;11;8;8;2;7;14;8;15;13;7;9;14;14;9;9;17
